zip code,month,average
11218,December,143.02046120908642
ALL,December,248.98718393122496
10466,December,36.68397243720596
11221,December,324.91283994071796
11230,December,194.62835862095534
11377,December,165.73245514330554
11417,December,304.1962391390209
10462,December,227.6746702746039
11211,December,275.1360311558277
10029,December,395.62165511992805
11233,December,263.0001475570379
11226,December,239.59628025047542
11216,December,282.95870875485485
11103,December,133.17030090807827
10032,December,354.05315206503366
10025,December,450.32092634541385
10312,December,138.67781399754796
11232,December,172.44041803441775
10040,December,364.28044039913704
11364,December,199.26093768371555
10030,December,323.84649010953075
11228,December,179.22585706309363
11374,December,199.85679788110252
11385,December,186.25015932624848
10023,December,1886.40672671309
11694,December,270.78324355724544
11375,December,125.94985269778218
10459,December,276.99640223587113
10031,December,323.44588978746697
11219,December,210.67159615929756
11204,December,186.40781520985064
11356,December,205.458889789303
10011,December,251.76167296647898
11368,December,183.00736346515944
11225,December,205.5614257248372
11234,December,182.2253253968253
11214,December,169.69799128935463
10033,December,282.6703769914786
10306,December,211.672766900937
10468,December,214.71580278904364
10026,December,376.7451143568841
11360,December,114.02583543240983
11423,December,239.9038105292794
10013,December,295.8279293957905
10463,December,177.74943203939114
10169,December,26.14613247863248
11420,December,256.26139493550255
11372,December,157.6742331913529
11378,December,97.09419394498225
10314,December,229.87322184039752
10457,December,247.76142334301935
10453,December,240.95366328389227
10456,December,213.88576103154702
11419,December,947.1923049547063
10128,December,389.847723220226
10472,December,217.28213158524918
11373,December,218.24634282333986
11354,December,210.52183386899353
11421,December,95.96874489442706
11691,December,253.2454295946892
10039,December,394.06825948137043
11203,December,207.54871103461429
10467,December,228.29592016032572
11379,December,133.69506974121558
11369,December,257.15922448979563
10002,December,358.6835203639514
11208,December,153.2462515117156
11217,December,160.20173244209565
10452,December,225.51664646464585
10004,December,52.90021058315329
11206,December,267.6405944523021
11435,December,177.0051127788708
11101,December,166.25558148871534
11427,December,151.18001129177938
11361,December,208.4247891029071
10305,December,152.87135402609076
11434,December,224.2612116110602
11102,December,272.4738338525439
10034,December,251.95187786866626
11210,December,244.24434602559975
11413,December,224.67304840409514
11209,December,186.07617379547705
11414,December,1979.7184428940575
11236,December,144.6224605451936
11212,December,251.40379228825313
11249,December,238.75804829829806
10451,December,274.72306822167576
10017,December,357.436409169926
11412,December,208.4272003937681
11432,December,151.68711093819456
11106,December,162.86303451500493
10309,December,88.01204268292678
11418,December,181.55499551489058
11220,December,207.94839713560714
11428,December,300.49752597921633
10461,December,202.41377722772256
10458,December,242.88833407483511
10470,December,176.98950636169414
11223,December,151.5961000767607
11224,December,173.31108040633617
10016,December,884.8034948130754
11207,December,245.70086288774405
10021,December,419.0014601056974
11235,December,145.62773266173278
10460,December,257.4619962019659
10036,December,487.8933863545417
11222,December,206.17423833135916
10024,December,309.56839702333104
11239,December,47.23701704128108
10012,December,225.96687894047352
10301,December,172.90195840175176
11436,December,151.98985034656585
11237,December,280.25129130983726
10454,December,270.69099467539144
11370,December,161.7068289495871
10469,December,216.5759544626599
10037,December,528.2371691919194
10065,December,449.2620545138891
10465,December,165.77950637608447
11238,December,335.17043368386777
10475,December,253.48424705507782
10038,December,224.42611218776923
10027,December,375.5107813633834
11433,December,280.882508179187
10028,December,404.1470360009044
10302,December,172.06771039603953
11215,December,212.13623655486666
10455,December,250.0086046246987
10007,December,197.94558187134493
11213,December,228.08168374418378
11358,December,209.2915338581667
11201,December,153.8634953121884
10009,December,391.9472291293308
10001,December,333.00876673002284
11109,December,212.18494579945795
10022,December,491.557382175641
10003,December,395.12087266724177
11355,December,282.0430291349041
10019,December,330.6156473647926
10304,December,155.83205403764433
11365,December,156.81509947279412
10310,December,170.104988844266
11104,December,442.0464396687218
11205,December,138.62264806305456
11362,December,190.8144741215575
11693,December,299.82838000000004
10120,December,161.29206790123456
10473,December,195.92393311980453
11415,December,319.52034272790553
11363,December,210.41395467836256
10075,December,372.697531372549
11357,December,133.978954711045
11229,December,139.25261965448897
10303,December,194.49523616515356
11105,December,153.70778986498817
11426,December,151.15453952991462
11001,December,186.26289351851855
11422,December,241.3629432023488
10308,December,149.03037037037035
10471,December,269.3568937446445
11367,December,250.78153246227066
11416,December,129.48090936195584
11231,December,117.40752042229157
11366,December,49.050125135396996
11429,December,445.787927153673
10010,December,432.78379262522503
10035,December,408.6522826908548
10018,December,308.804365881032
10000,December,1590.6237996031748
10044,December,1336.2321830985913
10014,December,205.04598306069562
10307,December,90.46073717948724
11004,December,287.2428997289973
10474,December,304.4578838734569
11692,December,349.04636160714233
10005,December,110.64059425096742
11411,December,193.37501259049424
10121,December,458.189598765432
11430,December,1527.3318343573994
10006,December,253.8340178023328
10165,December,692.7379861111111
10464,December,285.7139894005849
10110,December,1.8825925925925926
10069,December,162.7055448717949
10119,December,48.842901234567904
10400,December,9.566180555555555
11359,December,94.18898148148149
11040,December,50.319850948509476
10020,December,193.25339041095896
10176,December,3.793703703703704
10281,December,263.30752136752136
10280,December,1989.5327953216372
10048,December,1.6541666666666668
10118,December,20.584861111111113
10111,December,1912.1119444444446
11697,December,445.51245370370367
10115,December,23.581944444444446
11767,December,42.18666666666667
10282,December,216.30380116959068
10045,December,654.2446527777778
10153,December,1073.972662037037
11242,December,97.35194444444444
Unkno,December,733.9288888888889
11791,December,734.1111111111111
10162,December,3.2959444444444443
10278,December,15.111909722222222
10103,December,3519.307579365079
10055,December,4.468333333333334
10172,December,0.945
12345,December,293.96
10112,December,28.937083333333334
77491,December,18.315833333333334
00083,December,0.36944444444444446
10167,December,0.8538888888888889
10170,December,1.8202777777777779
10178,December,728.1221296296297
10174,December,1.8500000000000003
10154,December,1.625
11005,December,287.87944444444446
10152,December,628.8977777777778
10106,December,562.8438888888888
10105,December,713.5977777777778
10168,December,287.2048148148148
10151,December,70.25416666666666
10173,December,0.65
10158,December,669.9493055555556
10175,December,0.5458333333333333
10123,December,10.559722222222222
10271,December,0.8068055555555556
11704,December,728.5208333333334
90051,December,1032.9333333333334
55439,December,780.3552777777778
72712,December,72.53194444444445
10171,December,1.196388888888889
10041,December,14.834027777777777
10279,December,0.5169444444444444
10583,December,733.1555555555556
11501,December,737.2005555555555
11374,November,139.73044617454818
ALL,November,259.4038375955346
11354,November,230.77407934598637
10466,November,38.30314307458145
10014,November,282.19576004976244
11435,November,248.85406557013397
10308,November,331.716156311637
11235,November,181.75199378350854
11365,November,196.8581890286514
10453,November,279.3183498973035
11232,November,185.39564459325373
10468,November,209.03330849323336
11214,November,155.4658233361893
10455,November,263.50114310379854
11221,November,270.51064702484064
11211,November,318.39549543864285
10451,November,285.3362770880039
11228,November,210.23107739533026
11385,November,192.81852988367433
11414,November,2244.0982448445648
11201,November,202.6198744958972
10036,November,493.03069842143924
10454,November,221.9329420549577
11368,November,206.35675538695574
11103,November,215.30190555940533
10457,November,194.56365206859246
11372,November,193.79515594157118
11428,November,292.2571042382586
11238,November,385.8029090380701
10462,November,204.32320602636563
11230,November,200.96755806356438
11377,November,159.46808788763718
11205,November,155.64304962095105
11231,November,168.2044476827864
10456,November,213.78290068766816
10010,November,282.1363315460233
11360,November,228.66173100048093
11249,November,344.97418462543067
11692,November,304.04977859277386
10031,November,250.12030718262415
10030,November,252.72271766285658
11223,November,177.16387321453803
10463,November,148.85350098791287
11422,November,269.9100563443766
11229,November,209.56740069523866
10459,November,286.02348708533157
10019,November,273.6465974116507
11207,November,285.53650069046137
10033,November,207.03830040602088
10003,November,428.5931241200669
10012,November,213.50151948000664
11208,November,199.4710325708417
10452,November,225.88670512941079
11101,November,160.57698207733543
10039,November,250.18881654286594
11364,November,211.16522858278665
10458,November,260.93110483758466
11373,November,222.00576608928318
10002,November,252.4846293570688
11222,November,220.49089321357272
11204,November,215.11250341530067
10467,November,234.47916938030392
11239,November,43.224429980276106
11367,November,246.789512179965
10301,November,175.78863173113382
11226,November,204.89047878102795
11206,November,249.0063121729412
10040,November,312.8255412905897
11210,November,244.48529341282384
10469,November,184.6764875630964
11233,November,265.78814419353114
11209,November,213.88826312947214
10024,November,261.0570015637215
11363,November,222.96538029100543
10025,November,337.4939689303746
11430,November,1078.1863194444443
11213,November,235.56898273527415
10307,November,202.00045524691373
11418,November,326.18387006925565
11237,November,242.44046056547612
10472,November,217.73441779605068
11362,November,212.31809946895424
10022,November,388.20425080282666
10023,November,1709.7276730046094
10013,November,198.0944446704638
10460,November,240.87702256262543
10001,November,202.50030009233595
11215,November,475.839304323478
10032,November,294.2664109538165
11415,November,336.0984276854049
10065,November,335.17448228414196
10029,November,255.61722634271135
11224,November,155.77867679398136
10470,November,170.65340551900616
11218,November,422.1914215331986
10027,November,279.87654471242104
11217,November,190.83825329324156
11413,November,258.86339651562736
11369,November,263.0908096008628
11417,November,771.4567866344611
10026,November,293.7470386710244
11236,November,147.05813792234002
10011,November,346.5838468889898
11106,November,288.21297043598753
11234,November,256.09377039714866
11694,November,202.07089321357287
11203,November,228.3651886702789
10461,November,189.62363493278883
11432,November,204.22431486611254
11220,November,253.1999420320407
10465,November,183.1297971666181
10009,November,352.4266741430867
10000,November,1127.486358024691
10034,November,232.34021703806877
10037,November,467.3892019804859
10035,November,401.5821099563769
11421,November,156.2262347031012
10016,November,663.462645044863
10471,November,370.3931115309263
11433,November,217.47455839741426
10004,November,58.3557527401676
10310,November,185.57877095908776
11379,November,232.6708668903801
11434,November,284.4640157249708
11219,November,213.40407492522064
11691,November,235.069091269841
10028,November,353.70043646268863
10123,November,1007.1855555555554
11212,November,261.2445813317326
10474,November,225.595203405018
10017,November,268.4645879080662
11105,November,303.71706394778147
10473,November,205.42789902280154
11423,November,309.1501351111109
11225,November,193.7616389910479
10005,November,234.73321117804548
11416,November,259.54884695290843
11429,November,309.9488109252377
10303,November,167.17189104538923
11419,November,803.2551786183342
11216,November,278.97987960490076
11375,November,218.45624717177304
11355,November,243.78806133924573
11420,November,419.7875568225448
11356,November,117.41142471758546
10018,November,337.44944690265515
11357,November,250.86835296296306
11366,November,142.1787297286449
11102,November,333.8188815183338
11359,November,22.03589743589744
11358,November,295.35435360993915
11361,November,195.58886440058487
11426,November,306.88980191256803
10075,November,269.32911333802144
11693,November,217.82404088050313
11104,November,258.4145335675253
10007,November,87.41797592997811
11427,November,218.68451519369034
11001,November,518.7368123306233
10305,November,206.29978224917298
11412,November,317.0256223323689
10312,November,206.4866534633354
10306,November,302.6201876076657
11378,November,169.52990918072683
10314,November,344.8361975392512
11370,November,248.74418854508517
10304,November,218.85817125335006
10120,November,11.889267676767679
10128,November,306.8056704119855
10309,November,199.68162463768098
10475,November,235.02079654157492
11436,November,194.41841969696983
10021,November,374.0805201090662
10158,November,199.95624999999998
10038,November,188.2233609437751
10280,November,1190.7204924242424
10162,November,97.91629629629631
10121,November,748.8929526748972
10006,November,133.58296525323914
10302,November,277.4693573706156
10464,November,313.9534782608695
11411,November,193.7198180076628
10069,November,145.03685185185182
10174,November,96.13805555555555
00083,November,0.4752777777777778
10044,November,736.2710049019607
10281,November,18.488964646464648
11004,November,330.5194914874552
10118,November,331.9770833333333
11040,November,56.6497299382716
10020,November,151.26104166666667
10153,November,1237.8045833333333
10282,November,128.3233841940532
10279,November,47.50875
11109,November,290.900946969697
11371,November,1011.2437037037038
10105,November,1476.882777777778
10710,November,756.5555555555555
10151,November,2001.551296296296
10278,November,0.4796666666666667
10169,November,320.5054487179487
11251,November,53.96722222222222
11552,November,734.0955555555555
11241,November,729.7016666666667
10172,November,111.29624999999999
10110,November,1140.4926388888887
10170,November,35.56358585858585
10119,November,706.8468055555555
10112,November,522.2523148148149
10103,November,644.3997863247862
40031,November,912.6880555555556
10048,November,3.1706944444444445
11697,November,87.75524305555555
10573,November,1616.3083333333334
11695,November,8.836388888888889
10115,November,9.616666666666667
11801,November,733.5722222222222
10171,November,1.6705555555555556
10178,November,384.0708333333333
12528,November,737.8652777777778
10106,November,250.2003472222222
10168,November,7.561597222222222
75262,November,903.8188888888889
1172,November,214.36416666666668
33496,November,1413.7472222222223
10107,November,0.0662962962962963
11577,November,139.99027777777778
10154,November,3356.6219444444446
10045,November,1.5599074074074075
11576,November,122.17222222222222
10177,November,34.028055555555554
02062,November,725.2872222222222
11042,November,24.983888888888888
10175,November,1.995
10041,November,0.6158333333333333
10179,November,83.26305555555555
12345,November,1.8625
55439,November,372.4505555555556
10111,November,754.8319444444444
92660,November,733.7619444444445
10176,November,6.911944444444444
10580,November,69.04138888888889
10271,November,144.935
10474,October,217.102450626825
ALL,October,228.68649924302326
11436,October,219.02709471123646
10003,October,304.9369140243365
10465,October,176.12388292704443
11101,October,208.21210928402178
10467,October,181.89978940715497
10016,October,345.8248923474797
11691,October,238.78720666044222
11226,October,185.18979259731955
11421,October,154.16302745935394
11216,October,399.82560308804415
11229,October,231.48193184398167
11218,October,233.61919190836744
11368,October,138.7393819007685
11210,October,242.01781941065153
10457,October,169.0674874027302
10002,October,196.85743330049644
10034,October,117.84174120661544
10014,October,221.6345881502887
10463,October,156.008255172013
11209,October,184.98224864605163
11375,October,183.40402227463292
10036,October,296.28206237331807
11106,October,288.3116200571345
11385,October,376.39310384484725
10027,October,259.92454419825333
10456,October,188.42862727055166
11222,October,215.98087408028326
11206,October,274.51563970071993
10473,October,156.4825252525251
11221,October,186.26158745485057
11234,October,241.8014286564749
10012,October,214.91471770551047
10458,October,178.5797537913965
11215,October,293.0286181139126
10301,October,207.9520572230999
11249,October,272.17568164898563
11208,October,221.36264337201138
10304,October,197.5548756258651
11223,October,202.48765576796663
11373,October,200.4781252776541
10470,October,165.49021485345253
11356,October,133.3434786647489
11694,October,411.60279182272177
10038,October,175.5440749960487
10009,October,254.66370980661472
10460,October,190.24646343512916
11237,October,185.0305198526404
10040,October,143.9449954611476
11422,October,203.2400133868806
11360,October,244.1708467202142
11233,October,223.27454302362761
10019,October,238.05465104737976
10029,October,209.56009785353473
10032,October,266.646101271571
10468,October,137.9287891336871
10471,October,226.53845975975992
10462,October,167.58597390504406
10306,October,445.8944578659766
10472,October,182.1432300662064
11412,October,250.5871647025815
11433,October,155.57248123456802
11363,October,378.7213827501532
11369,October,252.27650034143014
11231,October,264.93336179068945
11361,October,332.81361373165583
11212,October,262.52928063997985
10033,October,173.05578085492124
11358,October,265.91064562289574
11219,October,196.24721583442812
10011,October,302.5728227220909
11238,October,303.6911958132646
11211,October,272.2846203030305
10035,October,215.40017502986893
11001,October,244.40004303599378
11377,October,210.94264783153463
11214,October,191.49704235176895
10459,October,222.69694558965713
11374,October,141.4423738540521
10023,October,809.7925455992664
11103,October,220.8893120708195
11379,October,244.98139449112952
11220,October,195.56223173438437
11204,October,220.12593591987542
10309,October,142.99198480164858
10001,October,298.4037999553469
10025,October,239.02585466197596
11239,October,39.088219872440426
10305,October,222.11207958801512
10303,October,222.37071413764517
11432,October,185.35657095349913
11225,October,188.78862996808843
11217,October,207.29420659311808
11230,October,186.04855043463317
10024,October,238.78430990173848
11355,October,241.37187680766394
10455,October,199.5972660288691
11201,October,206.4403512482768
11418,October,176.12702164768655
10000,October,648.0368078324226
11004,October,433.6920077519377
10031,October,149.4338969249834
11357,October,218.91804581901494
10005,October,211.16335453774408
10128,October,241.6292627891822
10010,October,274.8060238725121
11235,October,194.81181565555082
11370,October,251.176491166899
10314,October,284.42093156388256
10007,October,135.92939578264398
11205,October,181.13996706256518
10452,October,155.36310506926006
11372,October,191.57542941433633
11415,October,224.40076342899178
11366,October,97.61664064358803
11419,October,759.2321752206516
11365,October,284.2974254616738
11224,October,154.81462930784812
11236,October,166.87632287249076
11428,October,307.49719304152626
10026,October,184.37841467764093
10469,October,172.88015543521865
11105,October,275.92685319891115
10004,October,97.75138275015343
11354,October,286.25710613598676
10461,October,167.15175164031396
11435,October,223.1028615748736
10307,October,192.40516865079368
11429,October,349.6998846597464
11213,October,184.6226859194644
11232,October,160.67016275182556
11104,October,251.124299914624
10466,October,36.87758381361071
10065,October,194.81174917135024
10310,October,180.8640844522284
11416,October,400.7549016979444
11378,October,166.4669231936851
11417,October,313.1848360141457
11228,October,453.2527536740613
10030,October,218.25952299505838
10454,October,200.49364883401955
10312,October,267.46855128205146
11423,October,225.95308065595722
10069,October,47.35120268620269
10006,October,69.17328255675037
11364,October,199.98698511739693
10453,October,171.69214431189914
10451,October,285.8903021722721
11420,October,550.4991298010978
11102,October,366.896413904115
11109,October,77.35851702508957
11207,October,207.0068708156309
10039,October,210.09799835359675
10282,October,111.53637125220459
11426,October,335.6439700374532
10037,October,271.2615049952748
11692,October,219.2476209089013
11434,October,244.16655628996014
10022,October,333.35678331356297
10475,October,109.80442330917873
10308,October,379.8188780828885
12345,October,1.3137962962962961
11203,October,204.39320443893013
11040,October,304.3605873015873
11414,October,1219.673896423546
11362,October,295.5229283290925
10021,October,533.556746765808
10302,October,168.9225503183406
10013,October,161.32777066416833
11413,October,296.16116551035407
11367,October,498.4930354849065
10017,October,263.4797431412893
11427,October,342.09145342951166
10018,October,226.08132550769665
11411,October,260.28179665587936
10028,October,231.04099655312257
11430,October,903.3900219036234
10075,October,362.0778265027324
10464,October,407.554963312369
10044,October,368.13847417840384
11693,October,168.85266614745592
10118,October,2.329670138888889
11005,October,1.3756349206349205
10121,October,871.2772301587302
10153,October,1493.2729166666668
10020,October,626.4327700617284
10281,October,20.687573260073254
10155,October,541.8188888888889
10280,October,759.7248315602835
10123,October,7.771611111111111
10158,October,0.6158333333333333
10112,October,2521.3975
10178,October,3.276111111111111
11697,October,167.37848765432102
11359,October,144.06293402777777
10169,October,271.8566319444445
10103,October,549.9543518518518
10174,October,0.8463888888888889
10165,October,0.0
10168,October,229.17506172839506
10041,October,196.95574074074077
10107,October,5.476284722222221
10120,October,1.030347222222222
11371,October,1339.581574074074
11803,October,3111.3483333333334
11788,October,38.26444444444444
11242,October,211.67520833333333
10278,October,6.066805555555555
00083,October,0.6179629629629629
10172,October,2809.7294444444447
07080,October,933.9709722222221
10170,October,695.1541666666667
10105,October,963.8552314814815
10502,October,1025.606388888889
10111,October,18.40509259259259
11241,October,2.7675
10177,October,46.713055555555556
84020,October,730.7969444444444
10279,October,160.4900462962963
10119,October,7.99037037037037
07002,October,74.02555555555556
10110,October,198.31569444444446
10151,October,1030.78125
10167,October,1.485
10171,October,312.5028125
10523,October,732.0508333333333
11550,October,168.4088888888889
11021,October,1.0155555555555555
10175,October,1.785
10704,October,724.3705555555556
10173,October,4.716611111111112
10176,October,3.5387500000000003
10271,October,781.4973148148148
10162,October,15.41388888888889
37072,October,807.045
11010,October,124.76916666666666
11704,October,2185.2308333333335
10154,October,5.475833333333333
18508,October,26.592222222222222
11706,October,728.5475
07470,October,733.5911111111111
11251,October,1.6841666666666666
11379,September,285.09376656664165
ALL,September,219.84077035656065
11208,September,187.80236392671094
10031,September,142.56050212950436
11370,September,287.50339962583354
11233,September,224.33218969082552
11214,September,184.74062303240734
11212,September,177.8327854142807
11205,September,155.4930785869904
11235,September,176.73059994068828
11369,September,246.578875703942
11207,September,205.1654551793472
11373,September,177.14750806283843
11217,September,256.7478292324355
10011,September,288.1963101832618
11225,September,203.213891423157
11203,September,238.18433308761078
11220,September,278.02005669546395
11106,September,380.6065310539277
11377,September,189.0748466945205
11236,September,181.37882879070054
10460,September,159.0816750105625
10038,September,202.41800556424954
11237,September,212.73972102396473
10467,September,164.32234159720463
10029,September,169.33563286971165
10473,September,134.66220828924182
10452,September,162.76256144599972
10458,September,170.02412450255784
11101,September,198.79006741282512
10002,September,208.4534803541419
11420,September,262.7198038220865
11219,September,238.29798675560778
10020,September,869.9949857549858
10022,September,384.68762539494503
11226,September,196.56267095438696
10030,September,171.34149006034798
11368,September,156.02439095550687
11204,September,314.79083962858044
11374,September,237.5616007897409
10028,September,314.31854949973666
10465,September,211.88138771765398
10314,September,340.09264052989573
11385,September,314.0414329849874
11249,September,458.43588991093606
10019,September,238.72627327181493
11209,September,272.4034452096088
10469,September,247.9819000538064
11223,September,253.03725064373523
11216,September,232.61552793370782
10026,September,175.2305276777032
11218,September,266.83939240176943
11201,September,275.07614313418634
11103,September,190.2376871203999
10009,September,222.50211982915016
11378,September,155.23662307791272
10024,September,197.84835879629674
10027,September,186.1586705209408
11422,September,323.9173728354974
10301,September,237.43120743335302
11375,September,172.2689470738311
11372,September,263.4955364518789
10456,September,152.4855284023875
10312,September,318.38455086732404
10032,September,162.92762136347727
11206,September,244.45606838460495
11435,September,160.967133005098
10453,September,164.98588917773924
11421,September,162.4899112078495
10451,September,176.3507699309481
10309,September,305.74406294706733
10466,September,22.43141165354922
11210,September,275.16975623276954
10010,September,307.17551295819027
11232,September,110.99409929078016
10040,September,99.04027599238265
11358,September,328.29243092298617
10039,September,187.40345961864838
10001,September,304.27094625112886
10462,September,236.0380629575794
11436,September,181.57790232212764
11434,September,245.1064442905512
10003,September,296.716783640711
10457,September,165.00265216005076
11104,September,282.9664639450056
11239,September,36.71610312814146
10470,September,167.07423981930944
10007,September,188.87141774256662
10463,September,152.94049304196557
11427,September,376.15341907596394
10302,September,367.824809096946
10468,September,155.58878104398102
11365,September,348.36338635315803
11221,September,216.08801862403638
11105,September,300.88408308751224
10005,September,144.66650966183573
10459,September,179.34038447121813
11222,September,199.75874464954532
11229,September,556.2251043435191
11692,September,154.7878202479339
11215,September,338.60515273347517
11430,September,878.398336489899
11228,September,320.5906332371333
10075,September,424.9830680963133
11355,September,309.71617609254525
10016,September,448.5928747436364
10065,September,290.7603479493894
11213,September,244.11259428267965
11230,September,254.9807638404284
11356,September,181.1785199430201
10454,September,180.65207491275012
10035,September,173.4199275274544
11412,September,248.2356994720965
11360,September,256.3436739130435
11367,September,285.54962489063865
10023,September,363.0511177395482
10021,September,521.1204990468408
10472,September,182.3426981975191
11224,September,135.41229159865054
10461,September,214.4311719854888
11413,September,327.2984647792379
11211,September,334.57310984805633
10033,September,157.39440733355494
11418,September,167.7014500690744
10036,September,240.0251195457266
11231,September,334.8880671296296
10128,September,212.89135963324904
11693,September,327.4133210558626
10037,September,213.99990778923242
11417,September,233.94805354993997
11354,September,320.68059481420664
11691,September,225.71477083333332
10025,September,264.77051627494217
11234,September,212.1334618315319
10455,September,175.78962024027683
11238,September,226.42548821218082
11416,September,222.64873077876982
10310,September,249.35741041366032
10471,September,193.96065297525038
11429,September,345.9093361059764
11102,September,393.6778872950814
10305,September,330.9912623828649
11362,September,454.39205606680326
10034,September,110.51702364788417
11419,September,422.7793657007436
11357,September,284.72726415094377
11366,September,116.82573373863178
10013,September,143.1080390346617
10012,September,235.76068590435096
11359,September,44.04204861111111
10306,September,432.6711077382673
10014,September,202.28164724024649
11432,September,163.06551748722052
11423,September,274.72371806926765
10281,September,18.7937962962963
10308,September,535.0568386796837
10017,September,258.5660589840469
11433,September,183.57014868512712
11694,September,372.43127391609585
10304,September,220.94656350795245
11414,September,546.1331999185254
10475,September,170.44213920099855
10464,September,240.25086040489643
10018,September,225.9476221148682
10474,September,146.75963196635146
11415,September,316.97158425541755
11364,September,340.2939582095463
11004,September,568.0117806603771
11426,September,422.71700059898166
11361,September,281.2054158208144
11411,September,290.2142848164904
11428,September,297.5130192107996
10303,September,329.9822599076096
11109,September,38.050000000000004
10004,September,66.81769013170096
10307,September,364.0916268418954
11001,September,485.1975683760684
10000,September,393.68283950617274
10121,September,549.0783422939069
11697,September,156.65060185185186
11363,September,748.382285714286
10110,September,5.003555555555556
10282,September,78.56380555555553
10103,September,545.5046428571429
10006,September,66.91180185185189
10280,September,382.95407237512745
10069,September,105.25675026968717
10044,September,321.0750347222222
18508,September,14.985555555555555
11040,September,400.9159551656921
10118,September,1.2163194444444445
10278,September,589.8564444444444
10168,September,196.21972222222223
10120,September,195.8244259259259
10169,September,201.25990384615392
10119,September,372.6790079365079
10153,September,1855.4619444444445
10173,September,1016.5966666666667
10151,September,8.717083333333333
12345,September,5.618972222222222
15212,September,734.5991666666666
10112,September,451.1319444444444
11005,September,19.653935185185187
10271,September,23.71534722222222
10174,September,196.37842592592588
10107,September,33.899104938271606
10172,September,587.5527777777778
10803,September,166.08277777777778
10167,September,54.86138888888889
10154,September,18.183680555555554
92108,September,731.5252777777778
29603,September,733.3419444444445
11580,September,734.8616666666667
10178,September,1.7894444444444444
11241,September,8.661041666666666
10105,September,932.5659477124183
10165,September,0.6483333333333333
49204,September,406.35555555555555
10123,September,1.3682407407407409
10106,September,310.7366666666667
10155,September,0.3605555555555556
10171,September,1.1328703703703704
10279,September,17.03046296296296
10041,September,8.460694444444446
12747,September,726.6441666666667
10176,September,0.9868518518518519
10115,September,1.1247222222222222
11743,September,96.52833333333334
10158,September,0.1425
10152,September,1839.7070833333332
11590,September,737.1005555555555
10045,September,1.1629166666666666
10170,September,0.28888888888888886
10111,September,332.62208333333336
11371,September,24.878333333333334
10162,September,30.831666666666667
10175,September,1.4313888888888888
10048,September,1.6488888888888888
10166,September,1.5919444444444444
10080,September,1.966388888888889
10461,August,487.2164978376585
ALL,August,287.0132249109524
10465,August,230.60082348181024
11385,August,334.52984335400856
11214,August,282.7145720827412
11201,August,310.5887031604112
11420,August,320.1684469323571
10016,August,405.89913396402744
10452,August,245.92241816777442
10035,August,223.32591682382517
10029,August,193.49720318194557
11433,August,305.2527482771644
11207,August,261.6133046106318
11211,August,371.32082781456944
10002,August,362.47432212786
11239,August,49.61541268214931
11224,August,193.9542687021296
10011,August,291.50195242741415
10014,August,307.74105711227855
11208,August,234.82491556120002
11210,August,367.79712482579487
10040,August,134.63365903890138
10027,August,295.258163520664
11368,August,185.97308723958355
11365,August,388.40348994974886
11205,August,227.25271477455715
11691,August,234.44387601576992
11106,August,290.7652407872691
11378,August,169.4516904024768
11355,August,303.74785268817186
11416,August,273.38118309121865
11436,August,359.9514850829499
11421,August,227.23297739754918
11206,August,297.4513295602392
11226,August,240.0899698742783
11213,August,280.0352679062338
10033,August,179.17715662208647
11435,August,268.5610953909959
11225,August,283.59824557586387
11103,August,291.6687128205126
10019,August,422.7063793484868
11230,August,351.62416894146327
10457,August,180.3748044800473
10460,August,184.90775948869222
11432,August,212.62495592237647
10030,August,203.37267570970684
10473,August,173.5493012029124
11223,August,353.5367645184786
11221,August,286.6518102898375
11429,August,402.66083042683965
11356,August,213.86143539049033
11216,August,266.35944766194774
10280,August,515.5787631381379
10028,August,391.0375543345542
10456,August,201.44511496247813
11203,August,327.05124940645834
10025,August,411.9304301987394
10458,August,215.72333442180388
10032,August,181.4696370934453
11229,August,383.630565177376
11249,August,383.05899991292284
11358,August,492.11786893259693
11373,August,195.66229683429603
10453,August,209.0284571712803
10023,August,571.5804753626435
11417,August,286.38110969628394
10467,August,247.61307017543825
11366,August,169.96432990574078
11372,August,218.19293245910904
11375,August,280.4075307213077
10469,August,269.8486022123647
10468,August,175.3286030155839
10026,August,256.9848647411611
11234,August,401.1612013439408
10454,August,182.98986631561786
11422,August,473.27378125517436
10451,August,228.04622816399225
10031,August,184.61944199576848
11236,August,284.4741675170064
10003,August,360.9802683160452
11101,August,255.54365408402583
10034,August,146.45420450394056
10012,August,333.5656633081447
10306,August,394.480927997705
11377,August,249.37848133162987
11361,August,314.9972512158619
11237,August,226.84680362021848
11379,August,442.14052837171056
10463,August,196.99385076252688
10001,August,398.11691089402
10004,August,129.75639258028787
11212,August,249.88364648998711
11238,August,304.94350162443095
11367,August,419.6902512517887
11411,August,477.8710937500001
11419,August,382.9498298035607
11428,August,326.37869525126746
10472,August,196.6500868457623
10304,August,339.355704864408
11235,August,260.931405079101
10462,August,246.690087614075
10470,August,204.7919424508241
11228,August,401.35247947593314
11412,August,282.2706186600611
10466,August,123.48265155724873
10455,August,182.66807063492055
10314,August,397.2865764663671
11219,August,332.32902436047624
10013,August,322.41359857482183
11357,August,398.8546545620653
11217,August,329.2542265130989
10037,August,336.81701823429125
10009,August,275.57279326992295
11233,August,258.4791298614114
11434,August,298.9903541875211
11204,August,360.5251949826129
10305,August,317.1624462269753
11218,August,380.747676102392
10308,August,506.02038367096316
11430,August,1461.122891018196
11354,August,283.98879734372355
11414,August,655.2424249903221
10075,August,330.70891729797967
11222,August,291.9387304381846
11209,August,393.4851772224731
11215,August,417.7119011656751
10309,August,200.56577836411626
11105,August,502.18663268608475
11231,August,360.762646404744
11413,August,351.3441042226698
11232,August,214.103503751921
10022,August,481.01084238736775
11692,August,322.0671550179214
11418,August,234.2593291404609
11426,August,740.1945770487679
11364,August,434.63247039359106
10128,August,280.3513176007866
10036,August,327.1288107247625
10039,August,233.17084189101695
10459,August,256.71551113795016
11220,August,347.6651550873668
10006,August,142.59411046885032
10302,August,340.71962538226256
11693,August,197.9510718157182
10312,August,354.05057323033895
10301,August,303.8751598687297
11694,August,499.0692702976473
10464,August,315.00120665878643
11374,August,258.730898398398
10024,August,330.06949727976604
11102,August,390.7815221017511
10303,August,292.58997067605026
11423,August,358.4768181460499
10021,August,386.32480245870903
10474,August,240.6492026194143
10010,August,347.37577292899414
11370,August,297.64629010589545
10018,August,202.83185674398604
11359,August,589.5980092592594
10310,August,517.8397762737361
10475,August,232.46888968940132
11369,August,317.6055768115942
10471,August,203.54319664365948
11415,August,321.52138360347635
10121,August,1105.8468713450293
11427,August,473.9121985479801
10307,August,275.8080729166668
11104,August,404.61346118360336
10005,August,324.7806437389771
10065,August,303.9292647630146
10038,August,331.4604720807399
11001,August,690.0852041499331
11360,August,426.8605422647525
11109,August,196.08699915824914
10017,August,474.42459867075627
11004,August,612.928919270833
11362,August,560.6878313253015
11363,August,436.8845022371363
10007,August,146.94256994766508
10118,August,171.06777777777776
11040,August,338.77600308641973
10000,August,390.49673400673396
10278,August,29.7084126984127
10281,August,247.88031504065026
10044,August,323.1289777777778
10282,August,135.40993177387915
10120,August,0.7065277777777776
10069,August,211.21918253968266
10153,August,2634.5676736111113
10178,August,624.6761111111111
11241,August,3.4319444444444445
12065,August,506.0252777777778
11590,August,308.6813888888889
10107,August,2.8951851851851855
10020,August,1217.8951203703705
10172,August,746.9112962962963
11561,August,50.11194444444445
10169,August,89.16746913580248
10168,August,971.8334722222222
50613,August,737.2041666666667
10170,August,2.008888888888889
61265,August,732.2891666666667
10103,August,1369.9831597222221
10152,August,22.03986111111111
10080,August,1.2824074074074074
10105,August,139.42138888888888
11697,August,108.49354166666667
10112,August,1.2902777777777779
10162,August,0.0
10123,August,1.5819444444444444
11706,August,758.4219444444444
10151,August,1.8086111111111112
11021,August,72.09
10119,August,1843.7202777777777
10174,August,1189.7158333333332
11005,August,1.41
10154,August,4.4719444444444445
10041,August,11.945069444444444
10115,August,25.278333333333332
11695,August,2717.195277777778
10045,August,194.88888888888889
10165,August,7.38212962962963
10279,August,72.40412037037036
10171,August,1858.8246825396825
10173,August,63.36666666666667
11371,August,322.86490740740743
11749,August,38.99194444444444
89113,August,730.9308333333333
10271,August,0.9317361111111111
14215,August,735.8552777777778
10167,August,0.051111111111111114
11242,August,1.5179166666666668
19082,August,19.03527777777778
10110,August,1.4425
11010,August,738.2869444444444
07660,August,59.80277777777778
11716,August,781.9944444444444
17111,August,786.2125
02062,August,788.2338888888889
11542,August,738.2894444444445
10158,August,0.2652777777777778
46250,August,724.9816666666667
10111,August,1268.8775
75065,August,784.8980555555555
28201,August,787.9322222222222
10176,August,4.313055555555556
10021,July,385.8570384138783
ALL,July,330.93038856107273
11378,July,216.34492968930485
11201,July,571.9969310391649
10305,July,286.5571031350388
11417,July,354.5755053706639
10014,July,351.79700284217097
11220,July,403.084527970011
11103,July,373.92169171765534
11226,July,322.3016864539222
11361,July,515.5622389962422
11105,July,540.7970160726762
10017,July,368.98670564638195
11385,July,438.63905323811287
11236,July,344.513239711477
10453,July,207.88434149445982
10473,July,165.72199602211452
11208,July,258.95263116216074
10024,July,391.0939823602723
11217,July,450.95231821270806
11235,July,542.9563491796545
11367,July,430.7900603589942
11206,July,313.2272691009881
11101,July,293.35816171865133
11207,July,328.99634607407353
11106,July,329.8773072054966
11216,July,399.10395737474414
10034,July,129.53625573485206
11369,July,384.2977944084863
11238,July,447.6339819616181
10460,July,216.79228128027435
10467,July,225.8839940931198
10032,July,389.46502213678167
10314,July,431.6503620922246
10029,July,160.15137657202143
11420,July,426.94540924711134
11204,July,573.7861463515756
10040,July,185.0615904692795
10452,July,158.13369469479656
11237,July,382.40924053914017
11414,July,408.86938260903025
11377,July,276.2771426323121
11222,July,407.8050789851056
11434,July,305.9566763757241
11432,July,188.32197383989651
10474,July,269.89059848818454
11102,July,476.22355152671713
10457,July,199.9950791784267
10036,July,533.1556491138376
10470,July,224.94558624031004
10027,July,300.43562147435887
11228,July,429.9069428464903
11213,July,316.0996183340376
11418,July,308.78955503915984
10312,July,327.21184020657705
10026,July,271.6356988737024
10011,July,311.34025657336633
10019,July,431.60586966713595
11249,July,429.31373758470187
10456,July,191.54590130250523
10003,July,428.0282750541785
11374,July,473.65600929221097
11225,July,363.26891050810895
11433,July,332.05169459599915
10307,July,438.5605777777777
10455,July,192.43320678088256
11203,July,372.398598649629
11233,July,342.74773525957323
10025,July,532.1614303083752
10472,July,170.9360154228227
11357,July,503.46081658892535
11355,July,351.44035620681433
11416,July,272.54609911837144
11229,July,683.4366936728404
10309,July,227.20820052596966
10459,July,203.14410932143605
11423,July,373.6968712267179
11219,July,418.5162124132616
10004,July,103.95623555555564
10469,July,198.366295771828
11368,July,191.01676183712073
10461,July,288.55946998377493
11365,July,380.7161454671353
11373,July,270.8565292110992
10128,July,272.91702432610117
11411,July,444.7009224412583
11214,July,319.38131226892364
11221,July,310.95887274835076
11209,July,362.91814870259486
10030,July,201.2187359194831
11413,July,546.145889143731
10001,July,339.6211203403566
11218,July,395.3646204592662
10462,July,291.50634510284937
10451,July,305.2922243528291
11234,July,415.91370553073494
10468,July,149.09212118618885
11415,July,432.5091598403697
11692,July,295.1584644039734
11427,July,514.0046518759019
11223,July,313.6457941358024
11210,July,420.1197864111957
11436,July,253.10478242376652
10466,July,132.65832674521675
11211,July,402.986762956053
10463,July,250.6990496427694
11372,July,302.34664306463253
10458,July,189.31383840898434
11230,July,461.27490855367006
10016,July,275.68822786998686
10013,July,325.5932511863188
10031,July,205.5906219301737
10037,July,386.3639571891284
11419,July,561.0022985122705
10033,July,327.9801876571147
11354,July,339.87509998496404
11428,July,885.770815217391
11231,July,318.97614890998636
10075,July,246.33618243243242
10012,July,419.22156482227575
11422,July,561.2226367716796
11212,July,368.36828939620483
10471,July,180.50783785892617
11379,July,365.173468480725
11694,July,784.2574096211597
10308,July,482.4947970537532
10009,July,336.7442515432093
11224,July,245.39705806981877
10475,July,244.2004768630617
10010,July,425.34592976045445
10301,July,295.0285993469705
11693,July,288.1394254115222
11205,July,360.1991420875419
11421,July,169.39903312302823
11435,July,279.5141734456704
10035,July,249.13713942705772
11360,July,502.42022372372406
10002,July,241.7493146028951
10039,July,319.1576804489919
11691,July,355.3064919965385
10465,July,214.37284307428845
11375,July,407.6988565930383
10028,July,357.9138920068029
10023,July,367.3594080183278
10038,July,210.16770147830258
11215,July,848.0783964310352
11004,July,879.0575483630953
11005,July,370.7993333333333
10022,July,601.1131669896644
10464,July,260.15440746753245
10304,July,302.89012631233584
10280,July,109.0517251461989
10306,July,392.7657471765484
11364,July,586.4160366739285
11232,July,281.55275180824856
11366,July,136.86639931147764
11429,July,446.51715831629184
11430,July,1774.7323034825863
11362,July,809.8643830128202
10302,July,323.90598185320334
10303,July,265.77201411960124
10454,July,180.41201098284452
11412,July,311.08260775643
11040,July,923.3794149831648
11104,July,647.1736166371943
11239,July,32.697656204718086
11358,July,666.1367435115411
11370,July,345.6346032972694
11356,July,382.5818471009225
10018,July,462.32926999463183
10065,July,350.81421682098767
10005,July,89.46994017094018
10007,July,212.75228491512328
10310,July,329.53364416896216
10170,July,550.6382407407408
11426,July,858.2279190821257
11363,July,392.438881129733
10006,July,26.292383392751034
11001,July,786.522050882658
10167,July,11.011527777777777
11697,July,251.75560185185188
10153,July,2156.5163636363636
91356,July,733.8591666666666
10000,July,341.835380116959
10172,July,454.46976851851855
10154,July,11.012361111111112
10166,July,8.106018518518518
10069,July,371.2005555555556
11371,July,983.7186111111112
10121,July,922.1564814814817
11109,July,93.08249238964994
10045,July,49.05805555555555
10105,July,929.9647222222221
10044,July,218.43514227642274
11359,July,135.05338122605363
10169,July,55.063759920634915
10020,July,404.4536111111111
10281,July,114.10851053639847
10175,July,1.0322222222222222
10174,July,30.701805555555556
11242,July,18.43638888888889
10282,July,236.57788416075653
10118,July,685.624007936508
10041,July,214.8311111111111
10103,July,2859.298148148148
10112,July,1433.4249305555554
11251,July,3.1175
10119,July,235.39369047619044
0000,July,1.3988888888888888
10179,July,17.666666666666668
10123,July,21.41444444444444
10158,July,0.25375000000000003
10271,July,1.5491666666666668
10080,July,1.4002777777777777
10151,July,0.8652777777777778
10152,July,1.2922222222222222
10107,July,20.015912698412695
38153,July,784.8619444444445
11010,July,786.1691666666667
10165,July,1418.0255555555552
08690,July,1045.7455555555555
10055,July,149.1952777777778
77491,July,91.37125
00000,July,18.600277777777777
10111,July,50.7575
10106,July,92.4825
10120,July,0.7448611111111111
10577,July,21.779166666666665
10173,July,132.61777777777777
10168,July,548.7370138888889
19034,July,733.4272222222222
10162,July,79.50368055555556
10176,July,0.6827777777777778
10048,July,62.47
11747,July,789.6044444444444
55439,July,828.4119444444444
11767,July,786.5669444444444
10110,July,1.5634722222222224
35244,July,726.1694444444445
19013,July,735.6127777777778
84043,July,24.690555555555555
10178,July,785.7001388888889
10115,July,1111.1200000000001
84117,July,781.4319444444444
10155,July,1633.7063888888888
10278,July,7.57925925925926
10279,July,0.6741666666666667
00083,July,1.8255555555555556
91744,July,756.6147222222222
10956,July,10.392777777777777
10470,June,148.85606391293882
ALL,June,368.14395071418176
10301,June,344.6040686756868
11435,June,369.1533005150434
11105,June,443.50082104415594
11373,June,314.49535967242207
10002,June,373.65838506061493
11377,June,289.55958695481905
10027,June,459.53775759684527
10009,June,431.2642046698875
11211,June,516.6281888849534
11368,June,217.8690278920265
10039,June,303.25178915496855
11207,June,334.3026969892461
11201,June,544.19399178904
11205,June,239.23048594280118
11230,June,568.3139636836124
10031,June,202.09386610175292
10451,June,248.91583857159983
11225,June,313.7992474916386
11233,June,410.23574910705565
10453,June,189.42454951655395
10032,June,232.89209006044032
11372,June,441.00769812191174
11223,June,393.1286859937779
10026,June,284.2559648303768
11413,June,412.98605040627376
10034,June,118.56058148328209
10457,June,163.34437824856423
10468,June,146.76974682978005
11106,June,423.1953634751774
11385,June,416.6131012509201
10035,June,279.8288338106784
11378,June,193.97541030956364
10472,June,192.78396717171773
10306,June,566.5960024954993
10040,June,136.03666093928982
10024,June,419.8394857687793
10474,June,146.42465926975134
11220,June,545.11716112325
10011,June,325.57156988964744
10473,June,212.207997330664
11434,June,413.370489859174
10462,June,217.1386743441191
11226,June,342.9802485136752
10458,June,203.4211343779682
11217,June,423.06993016497864
11236,June,376.60789649923834
11210,June,634.875157726047
10452,June,173.69069591416817
11419,June,419.94547438758883
10033,June,206.4999194093488
10466,June,120.59047831866525
11436,June,402.69163306451566
11691,June,367.28929043908823
10454,June,315.74412045723085
10010,June,575.7391828735117
11357,June,549.900508771929
10461,June,277.9422985330831
11361,June,601.6673068196554
10308,June,461.5297311396468
10467,June,190.26554956664498
10037,June,330.1079345695764
10455,June,275.3699959815152
10029,June,208.90754507851636
11234,June,699.5929040130168
11433,June,500.83169461644366
10019,June,509.5218002794889
11212,June,649.1605239356627
10465,June,198.9912655548194
10014,June,519.1511992159654
11103,June,634.1170718492343
11379,June,593.1718854060472
11208,June,367.18375044921515
11219,June,397.7623227410284
11415,June,418.4321926582904
11421,June,170.80571263318149
11232,June,335.0336596188978
10463,June,247.17786075821726
11206,June,378.2156840420673
11204,June,512.5183927442795
11420,June,371.4698966972215
11374,June,453.5295482413682
11432,June,241.18962959863123
11004,June,889.0644639577592
10314,June,423.64710086299857
11237,June,314.7646917596034
10021,June,759.0732986111105
11101,June,298.1984889181065
11221,June,402.27920430164266
11213,June,329.89328745736555
10304,June,388.368248040571
10001,June,541.8254920296716
11411,June,686.1099869565213
11359,June,53.89947619047621
11249,June,456.77980863291714
10469,June,250.01195710784285
11209,June,448.71685362274945
10305,June,337.19007952737957
10460,June,189.27918764367823
10456,June,170.75413304514888
10309,June,207.8514750411757
10036,June,567.7534005758805
10303,June,368.3614952821103
11229,June,463.12055530280065
11215,June,661.7438246282577
11235,June,454.10991914910335
11412,June,507.35281983178396
11218,June,505.85215700822823
11423,June,408.3741025067146
11429,June,394.55312719959767
10003,June,806.287721868177
11417,June,328.1937326136178
10023,June,664.5175226987697
11356,June,282.8813216761182
11238,June,406.00491210178745
11005,June,98.70258333333334
11428,June,336.1067899683606
10028,June,480.3570074696548
10123,June,921.8393749999999
11228,June,627.2704173938338
11694,June,445.64638256425826
11367,June,501.0150235928555
11231,June,243.44201294277866
11203,June,407.7319371345017
11370,June,322.848847487615
11414,June,601.454621831713
11214,June,366.67908066384604
11369,June,440.7352410130725
10013,June,634.3163552602794
11102,June,386.00298781005773
10307,June,381.4355971843776
10004,June,102.20546427766503
10025,June,583.2199658631561
10012,June,584.5940070416444
11693,June,251.57710241545897
11355,June,387.34267633280535
10128,June,440.91726882190204
11216,June,508.32699399567883
11375,June,458.71476560513577
10471,June,166.1657714538281
11366,June,136.08481934646318
10016,June,571.3978445961728
11365,June,646.8494408831922
10459,June,244.54213500976562
11358,June,590.3979873342038
11104,June,422.769160442872
11222,June,438.0192515117857
11692,June,297.39656862745124
11426,June,675.9775858882366
11418,June,251.65168373784564
10006,June,133.23448875255616
11239,June,57.138315026235446
11416,June,265.7469896788993
10475,June,272.07527035938
10075,June,552.3896877534469
10312,June,441.8380631532137
11224,June,283.86084060077513
11430,June,1941.3616728624527
10030,June,257.5501505963216
10119,June,2138.2211666666667
11364,June,513.6556577394127
11360,June,427.82867153407165
10310,June,388.64068103149884
11354,June,265.23446840610575
11427,June,253.45421965508135
11362,June,462.546088342441
10018,June,398.3000155122653
10038,June,287.059486174338
10302,June,511.57433724235995
10022,June,682.2084665455648
10464,June,190.14463748894772
10065,June,539.4243415897005
10280,June,413.36622362869196
10017,June,489.76232915622336
10007,June,213.44525820105795
11040,June,760.3477241715398
11422,June,605.7259092533045
10005,June,215.2019423791821
11363,June,486.20197824808963
10020,June,1492.0448877068557
11001,June,571.3149750312111
10281,June,534.4888372093021
10069,June,131.1746122112211
10044,June,286.62915509259267
11109,June,81.98396039603959
10048,June,21.773055555555555
10121,June,1225.0223765432097
10282,June,166.3588684640523
10000,June,504.060063131313
10120,June,0.7760802469135802
00000,June,71.48277777777778
10105,June,2254.0314351851853
10153,June,3265.7709722222226
10165,June,2185.7165277777776
10112,June,1674.2466666666664
10158,June,0.3112962962962963
10110,June,1.0520833333333333
10169,June,36.35925925925927
10177,June,1169.0056944444445
10168,June,619.8156481481482
11695,June,60.1575
10271,June,1.4551111111111112
10107,June,104.79722222222222
12345,June,2.7041666666666666
10176,June,0.8069444444444445
10278,June,44.5613492063492
11697,June,289.7170588235295
10118,June,6.4755208333333325
10174,June,1.0565277777777777
10115,June,0.45611111111111113
40202,June,760.8880555555555
11251,June,46.64767361111112
10178,June,0.9036111111111111
33614,June,732.7516666666667
10106,June,28.377685185185186
08527,June,755.9894444444444
18642,June,47.695277777777775
11241,June,0.802888888888889
10151,June,1406.2604861111113
10166,June,51.03111111111111
10162,June,2682.464074074074
07078,June,735.4325
10179,June,0.8947222222222222
11791,June,382.5422222222222
10173,June,5.3748611111111115
10045,June,18.654027777777777
10103,June,3611.857314814815
11371,June,24.73472222222222
10172,June,1.7777777777777777
84058,June,736.3058333333333
10175,June,2062.119722222222
10550,June,774.5558333333333
11242,June,6.060277777777777
17110,June,739.6036111111111
11780,June,734.6275
10279,June,2193.5822222222223
10041,June,1382.0483333333334
08050,June,1370.183611111111
89156,June,23.27638888888889
63045,June,1623.203611111111
11233,May,501.0422162063198
ALL,May,374.60456362807395
11226,May,288.70301925465833
10016,May,487.7855301169592
10033,May,257.73194473424957
10312,May,493.0822196106352
11225,May,357.525530162136
10465,May,251.78332972289917
11230,May,434.74721772292975
11201,May,510.3365691557584
10014,May,353.57269039602386
10453,May,195.17047504025803
11385,May,382.01132102102076
10002,May,303.6146560077523
10012,May,514.4382961849903
10452,May,213.3164872666736
11372,May,355.81473810319903
11208,May,250.10879022862937
11412,May,411.7637334574025
10026,May,322.4512871674494
10301,May,297.66164499104735
10024,May,571.6326682368772
11211,May,483.92073202109736
11368,May,198.6159933593479
11106,May,288.0463777252423
11203,May,486.60842909013184
11234,May,556.7195223562645
10027,May,487.7492774804447
10029,May,273.71494949494934
10466,May,200.57512042742587
10304,May,399.8542316919189
10459,May,267.1750341157204
10030,May,564.5527043886685
10007,May,239.83935524126468
11217,May,388.9055503685509
10032,May,279.12582226373354
10456,May,164.78653966216612
11238,May,440.6767189436655
11224,May,295.09024481631747
10034,May,190.46447600124657
11355,May,358.69716881052716
10454,May,231.67981565130108
11237,May,296.23803202556184
10463,May,225.4670798125485
10472,May,232.62245039682526
11428,May,270.26625248015876
11249,May,499.43401349948067
11373,May,244.80339295262547
11204,May,412.12047451193047
11235,May,385.0854342317446
10451,May,456.91153758939583
10468,May,175.68196601646727
11434,May,381.8321508459403
11206,May,440.7496356105987
10025,May,632.0593268529249
11366,May,231.21966820560166
11435,May,315.95582179822907
10003,May,608.1398759655376
11205,May,260.7885077011029
11207,May,357.2817517933787
10040,May,223.22478998055078
11420,May,368.6711711711705
10461,May,259.49909722222264
11221,May,500.1497469934179
11419,May,572.859613985686
11354,May,415.6188460845276
11209,May,427.05502651963695
11102,May,436.2597189898989
11212,May,432.9374886748309
10455,May,337.3902615409105
11361,May,382.9256338577099
11219,May,419.86734659215335
10036,May,482.2163957797372
10460,May,214.82480348699755
11377,May,230.91251408542956
11103,May,605.2673995444945
10457,May,185.2003478126332
10009,May,420.33300875099536
11378,May,167.87022991167916
11432,May,288.7028145014402
11223,May,259.21436913465044
11215,May,460.2195139146574
10011,May,492.3000218925463
11436,May,369.2073870262389
11218,May,449.0861470698321
10458,May,235.02313012916568
11417,May,317.6485748093007
11216,May,570.6616103078359
10470,May,115.79627849420349
11694,May,536.0778190104166
11220,May,348.8395464011449
11691,May,324.8151213040175
10022,May,539.6997318747315
10467,May,204.60146769786644
11363,May,774.0575858585861
11229,May,566.2016844744381
10004,May,134.39526372493913
10305,May,338.8998430080728
11101,May,294.98032914046155
10021,May,816.5098512024723
11222,May,384.07982264877705
11433,May,305.3585085470087
10037,May,233.52812902718827
10128,May,480.0641528115713
11213,May,358.4506485307619
10023,May,644.5268774754055
10010,May,494.4400535918835
11413,May,539.1808198978908
11421,May,192.60580513716081
10031,May,471.0947233374227
11231,May,379.3129018190464
10462,May,227.050130718954
11239,May,58.348909124356155
10001,May,508.42655645451254
10474,May,240.34425233644868
11365,May,392.17763248235116
10019,May,525.8135874284593
11379,May,546.4626109057302
10314,May,497.30573776922034
11369,May,369.5414883782361
10028,May,707.1219878005022
11232,May,277.6983442396726
11356,May,270.9846909837069
11004,May,1001.3047654612164
11422,May,390.1070992499561
11375,May,504.0236324539438
11214,May,682.0553769008297
10005,May,222.845257523148
11236,May,390.34284158288295
11370,May,363.54866319444494
10039,May,342.19883338118547
11423,May,430.1815998852838
11242,May,497.1131623931624
11228,May,459.0459655225723
10302,May,329.99922971285866
11105,May,448.2051056864945
11416,May,280.3329324013558
10306,May,673.9451828502421
11414,May,639.1163783608694
11358,May,496.7756357072934
10065,May,586.5285251322751
10038,May,415.84165388007045
11367,May,325.7104486260456
11418,May,363.17778879706117
11359,May,179.11774853801174
11210,May,459.2267346335701
10469,May,265.5914732940334
10013,May,315.61626439202485
11374,May,235.06036008230467
11362,May,699.2490443015363
11693,May,188.27422070015223
11364,May,354.92912757973727
11426,May,526.3291149109015
11357,May,394.60828775620297
10309,May,360.06530280280305
10035,May,237.98414849428838
10018,May,427.776000190695
10303,May,278.0759657947688
10464,May,237.99735607890491
10473,May,204.22127866266533
10271,May,1.2673232323232322
10307,May,538.8334268518526
10471,May,279.9401027862726
11430,May,1875.158499760536
10075,May,516.2545163398692
11429,May,422.1611981903093
11692,May,288.8918088410991
11427,May,571.2629502147078
11104,May,420.1806682059893
11411,May,384.9185908119654
10310,May,464.9072281096132
10017,May,498.3737041226748
11415,May,583.4549139118459
10281,May,643.8717669753087
11040,May,847.7007558139533
11109,May,175.5582814814815
10308,May,636.547387932865
10020,May,1695.754018719806
10103,May,2358.0622222222223
10006,May,216.63773615358483
84117,May,777.8258333333333
10000,May,548.4274269005848
10069,May,126.78748196248196
11360,May,305.8520119418483
10280,May,204.17938888888892
10045,May,0.8221759259259258
10475,May,228.2689766558088
10282,May,174.05165752923986
10044,May,275.802829218107
11697,May,80.10275252525253
33614,May,731.3330555555556
11520,May,734.0222222222222
33021,May,734.9725
3361,May,1407.8069444444445
10041,May,279.1092283950618
10151,May,3863.771736111111
10279,May,1.0277430555555556
10153,May,5108.98274691358
10158,May,0.3362847222222223
11001,May,623.4600038051749
10168,May,53.26592592592593
08332,May,733.0430555555556
10110,May,1.0744444444444443
10162,May,1073.9300925925925
10169,May,35.54280193236716
10120,May,198.41232638888894
11251,May,0.7424074074074074
12345,May,2.493888888888889
10118,May,11.002277777777778
10121,May,1000.4603409090906
10172,May,2447.3964814814813
11743,May,693.3091666666667
10175,May,906.5868055555555
10106,May,144.09336257309943
10173,May,4395.450555555555
10105,May,701.1385101010102
10119,May,1074.0910648148147
10154,May,11.85923611111111
37068,May,1634.7802777777779
10278,May,0.5795833333333333
11241,May,2502.3725793650788
11371,May,1315.966388888889
11798,May,0.7427777777777778
10174,May,0.2775
10112,May,1174.7610185185185
10152,May,1.592638888888889
11003,May,16.604444444444443
11791,May,377.35055555555556
10111,May,513.0970987654323
11005,May,293.890625
10055,May,0.0
10123,May,519.3729629629629
10165,May,3639.1965277777776
10167,May,2.9427777777777777
10170,May,46.01166666666666
19428,May,1656.3797222222222
10048,May,716.3472222222222
1155,May,783.3147222222223
10115,May,0.4831944444444445
10122,May,730.0566666666666
13850,May,18.058055555555555
48125,May,762.9655555555555
11581,May,779.5169444444444
55433,May,727.9575
11714,May,735.7625
14580,May,729.0013888888889
92108,May,733.9797222222222
85252,May,26.7725
10301,April,445.81288945108884
ALL,April,403.6541101526343
11239,April,48.76391613301875
10009,April,440.0950930529663
11226,April,343.335243065134
10472,April,217.34688343319198
11238,April,373.23056375442667
10029,April,360.7725106669006
11357,April,521.8538167053372
11221,April,413.96719548425375
10468,April,178.2572579690345
11214,April,274.6658692562764
11237,April,324.76807489106795
11415,April,337.81547263681597
11204,April,442.20661390543347
10466,April,218.31258072952204
11230,April,425.88302914316387
10016,April,507.6679947171109
11215,April,470.436963854022
11691,April,273.60743374976363
11201,April,570.307734105219
10035,April,806.9092380310185
11373,April,250.2677014140502
11222,April,367.2811423001948
10314,April,576.6514649561009
10467,April,237.65744537920628
11363,April,831.5212712191359
10458,April,246.71276760438695
11364,April,454.9000318930045
11432,April,273.92454277286106
10465,April,242.62150356359666
11354,April,364.367453703704
10459,April,335.7401596287238
11378,April,178.84409562841515
11220,April,376.2198357697783
11229,April,898.2115553648877
11429,April,261.93826788291074
10021,April,533.0026428740108
10031,April,511.72561901789487
11358,April,498.36259173723334
11377,April,244.32623864932634
11101,April,238.61029258678488
10014,April,782.1177489446704
10000,April,165.24339430894315
11374,April,216.84952417057255
11223,April,363.4263680460813
11434,April,324.1036689730521
10303,April,219.45891630901303
10040,April,397.800509877811
11368,April,176.55817669020365
10463,April,176.42915543340763
11414,April,639.9457008774141
11370,April,219.10647966816282
10028,April,864.402240238786
11366,April,102.7191555726232
11372,April,373.78882550785255
11228,April,427.98629561403544
11210,April,303.72088809882956
11225,April,321.2249821013488
10454,April,1481.4105544248457
11217,April,279.61157312157866
10469,April,220.67054588170242
11207,April,357.4485025646587
11249,April,469.76989532271256
11208,April,291.74632744495693
11103,April,237.92710108139343
11433,April,215.30681983845517
11418,April,282.24330508913783
10452,April,259.93259727203645
10451,April,559.9920310648387
10002,April,605.4437296989498
10036,April,881.7124206901865
11236,April,317.409659239842
10075,April,557.980873407993
10456,April,205.7204409691491
11361,April,216.9479156769598
10455,April,668.3235189893279
10461,April,218.38804581447994
11203,April,331.4608225019189
11419,April,738.339141925926
11209,April,316.34823651614914
11234,April,374.0380488073605
10027,April,605.418413052291
10304,April,355.3496858465606
10033,April,335.708660522143
10032,April,384.3150511570105
11379,April,411.5007459259254
11213,April,271.7579779977988
10024,April,453.67422468486524
11212,April,660.1471846846856
11360,April,354.3349822695035
11224,April,222.92679673721335
11205,April,295.9599852571011
10039,April,276.520234775641
10019,April,611.9905094867598
10037,April,666.287587132302
11231,April,321.69108583990857
11219,April,320.0610611714161
11411,April,283.6090597147951
11102,April,326.83772539179455
10307,April,343.74714616402093
11369,April,319.6450683635966
11693,April,283.64722918843626
11216,April,488.0097289141419
11232,April,234.21606626440482
10462,April,199.51670080947844
10308,April,558.2671472158662
11436,April,285.19905228758154
10065,April,502.145743405276
11211,April,566.1501900979214
10474,April,880.9240324498827
10457,April,228.91527466116852
10034,April,375.61252427427536
10312,April,578.1738562235977
11417,April,371.18251496160747
11106,April,261.00275552774235
10012,April,538.23958800278
10007,April,662.1132124115902
10010,April,640.4835097990372
11356,April,226.0655587443312
10026,April,533.5380515422543
10460,April,240.52319958371882
11104,April,338.505890143594
11375,April,458.4341334046083
11105,April,350.9411673962893
11416,April,238.4181002554281
11435,April,185.4436958974356
10305,April,307.4382186635031
11235,April,367.7863882254071
11421,April,158.44580766341105
11355,April,320.64079251911545
11233,April,384.33247195369205
10022,April,637.9375969062236
11413,April,482.6846689255964
11385,April,375.30976364234215
10018,April,2061.7491234811905
10306,April,566.3973730420947
10011,April,436.2870686205285
10001,April,965.5021649093364
10471,April,263.34601638176605
10003,April,546.0358971962613
11420,April,440.9670514612867
10023,April,360.50279074952215
11206,April,358.78208326508354
10128,April,596.8845338714782
10030,April,321.6401823424297
10013,April,838.6359956925124
11422,April,435.4637802802805
10453,April,255.95716547529452
11694,April,437.5580605515589
11692,April,312.2576097393686
11218,April,822.2801063507801
11367,April,219.50562710993688
11427,April,374.66913762287777
11359,April,0.7374754901960786
11365,April,303.7470240929706
11428,April,215.92084080717487
10470,April,174.4904689829144
10025,April,707.4997528284356
10475,April,290.5403912245577
10473,April,212.36998174230547
11004,April,562.6365320910973
10310,April,557.6248353050331
11430,April,1889.6158158263308
11423,April,302.1949421116301
10069,April,129.59683673469388
10044,April,246.18604938271602
11362,April,349.05007834757845
10006,April,178.62924639917696
11426,April,464.4085054012351
10309,April,319.889409332085
11412,April,296.22870045255934
10464,April,1213.509754647643
10017,April,426.84584014750635
10280,April,182.9266011235955
10279,April,206.77092592592592
10004,April,1064.850226226227
10302,April,415.8100118351434
11726,April,15.054722222222223
10118,April,1221.4715277777777
10038,April,1068.3224313670933
11001,April,702.518946759259
10110,April,28.5090404040404
10005,April,958.2570469348648
10107,April,5.699907407407408
10120,April,3.1621913580246908
10278,April,8.449055555555557
10178,April,0.24166666666666667
10041,April,124.72938888888889
10175,April,0.9359027777777778
10169,April,4.396982758620688
11697,April,214.35408333333334
10282,April,109.207550154321
10020,April,2583.387194444444
11109,April,342.3287499999999
11005,April,17.45097222222222
10106,April,7.564375
11040,April,244.75589869281058
10121,April,912.81578125
10281,April,209.44705246913583
10173,April,0.4597222222222222
10103,April,4413.1300925925925
10158,April,0.25708333333333333
14221,April,735.3858333333334
17110,April,735.4626388888889
11241,April,1368.716111111111
10112,April,101.73672222222224
10271,April,248.41191666666663
10045,April,1265.703148148148
10177,April,3.9871111111111106
10153,April,6045.739499999999
10115,April,257.4912962962963
10151,April,6544.846875
10119,April,2322.6001984126983
10168,April,1884.730138888889
10105,April,819.2106388888888
02184,April,743.3855555555556
10123,April,8040.774861111111
55343,April,751.8686111111111
11371,April,1633.0624999999998
10170,April,12.872638888888888
10179,April,105.63694444444444
11021,April,1.5872222222222223
10701,April,733.2788888888889
06468,April,1683.828611111111
10174,April,0.2275
10601,April,851.3113888888889
19034,April,733.4005555555556
11242,April,0.6708333333333334
11703,April,747.9244444444445
10167,April,0.5361111111111111
10172,April,0.0
12345,April,0.0
10154,April,1.6677777777777778
10803,April,381.5733333333333
95128,April,21.218611111111112
55439,April,398.7275
11251,April,2.6818055555555556
10176,April,0.16777777777777778
11791,April,111.38638888888889
10162,April,35.025
11709,April,782.2861111111112
11801,April,782.5377777777778
92108,April,783.0527777777778
76096,April,237.14277777777778
00083,April,18.467222222222222
07660,April,356.7663888888889
10705,April,815.4044444444445
NA,April,103.52833333333334
11205,March,240.4298341368227
ALL,March,310.2817694035364
10454,March,256.25794346569694
10128,March,282.65893955845087
10009,March,788.7828303758615
11225,March,255.34999240817027
10021,March,703.2956200187524
10467,March,184.96526781330385
11420,March,354.6147864548118
10036,March,445.27011152626795
11416,March,284.334282915864
11370,March,305.6161525585847
11226,March,256.6709399155307
10458,March,213.35482274377168
11368,March,183.08920920752425
10309,March,202.2696952709499
11356,March,135.35538308356973
11414,March,349.21599042610507
11228,March,231.73776072412423
11201,March,341.8906970526868
11249,March,435.465879111563
11102,March,557.4342613689655
10463,March,205.65570948980508
11378,March,191.73910549238653
10466,March,158.7270141524905
11216,March,404.2294026184402
11365,March,216.55946550698755
11235,March,513.515328770249
11693,March,179.80265035677874
11355,March,228.59624217244712
10031,March,559.7158377815633
11212,March,298.0665788611736
10457,March,213.88193404307296
11104,March,403.19577191714853
11206,March,321.92637636310053
10040,March,206.90004530093847
10474,March,272.44631730596126
11430,March,1546.2796596244132
10471,March,184.3200565770864
10037,March,265.8576740740745
10023,March,352.5884943818085
11418,March,306.9207074983538
10013,March,227.5967208285823
11229,March,399.95825996800187
10461,March,230.38788197575414
11419,March,295.3512609186974
11237,March,305.3179683912648
11427,March,244.22992583603002
10464,March,282.13437627811874
11361,March,439.0516696428572
10002,March,223.27956403591648
10003,March,534.8045548938052
11214,March,233.72489802510188
10468,March,196.42721102773123
11211,March,492.7976035146843
10010,March,379.22150490852283
11204,March,243.0863292952978
10026,March,387.03525083257614
11230,March,292.53272428607505
10462,March,175.13025426613922
11213,March,227.31427020657853
11377,March,161.15529945152144
11233,March,386.8756133246947
10453,March,269.86924577809333
10034,March,450.60006319351186
11366,March,104.71992358078609
10456,March,202.15813424398007
11435,March,185.20525606468996
11238,March,375.76190373563185
10024,March,359.4113950617282
11106,March,183.06652476961898
11239,March,44.13199782658433
10306,March,404.78106321839095
10001,March,411.7999130398948
11207,March,299.9469929440616
11103,March,449.66053240740723
11101,March,205.4761317907452
11385,March,266.89548697051987
10029,March,280.80301830883326
10312,March,451.58568513416986
10452,March,223.2780842494644
10019,March,441.0086485017864
11422,March,278.67373337623326
10033,March,267.52652849592124
11359,March,0.4082986111111111
11209,March,262.7957749896734
11223,March,308.4234418633231
11208,March,250.30169494169436
10032,March,281.07057650956676
10018,March,346.75452013108657
11234,March,341.2275701145529
11417,March,301.4507325551729
11434,March,212.52823372615035
10016,March,384.23693894389464
10310,March,333.0136555786559
11428,March,227.96475634578528
10301,March,313.5258899957833
11232,March,160.24242403100794
10460,March,254.7693213316195
11109,March,6.999744897959186
11203,March,432.4518560020603
11105,March,470.494593229021
10012,March,329.04789990911155
11218,March,514.2649873285637
10469,March,204.62203582701986
10304,March,293.77610517899524
10305,March,265.4787526838429
11375,March,276.41495322543653
11210,March,300.6259171182015
10121,March,940.1084583333331
10035,March,671.799359736865
11221,March,385.02038828523536
11411,March,256.73001891252954
10039,March,636.5736627680301
11429,March,180.1455695695695
11358,March,288.753342659206
11220,March,346.04065052652305
10455,March,267.2471399117761
11372,March,282.28679781822683
10451,March,256.53656150471835
10027,March,539.5830856492386
11236,March,232.77350519120426
10459,March,302.6649953729417
11421,March,101.09979537037033
10470,March,96.681470331588
11354,March,255.56974231464744
11222,March,346.8643224048118
10472,March,244.51966703552324
11373,March,168.99832908434226
11217,March,354.8469911734166
10314,March,271.51635001023044
11433,March,161.28570668961265
11367,March,224.37900447673584
11432,March,273.47610811097013
11357,March,290.3792390358032
11360,March,313.97347073942285
10030,March,457.8259143375812
11231,March,291.6527234069555
11224,March,220.43020714285697
10028,March,547.3532786885245
11691,March,302.43024028749016
11219,March,272.7317578853053
10025,March,744.6647953389456
11369,March,255.88440756659259
10465,March,144.58558123063293
11379,March,414.6790432098766
10473,March,179.15437916666684
10038,March,430.8559829396322
10302,March,414.92954723954693
11412,March,257.5569573400254
10075,March,963.4612354497355
10004,March,72.3320614379085
11364,March,332.79154722679806
10014,March,312.0986549833093
11215,March,366.00988590388874
11362,March,242.69697951273517
11374,March,192.4894867245005
11694,March,415.8880896779698
10011,March,431.36203080204166
11423,March,229.2917259307739
10065,March,421.93458333333365
10308,March,295.8727053990609
10005,March,209.42906853864727
10022,March,556.3969003638397
10017,March,475.9064820261442
10303,March,355.0414732770747
11436,March,174.07244057052296
11692,March,285.29522845275176
11426,March,573.8435314144224
10000,March,488.856862745098
10007,March,274.0545171149145
11415,March,278.45919262204535
10475,March,169.90600993377484
11413,March,333.3635013680702
10120,March,0.3509444444444444
10307,March,411.0927704124578
11363,March,296.38202614379105
10006,March,137.60634074074073
10044,March,365.49019444444434
11004,March,627.3302973090279
10271,March,1.4615079365079366
11001,March,301.46931186868693
10280,March,381.62582892416225
10169,March,34.29602490421456
10103,March,4181.856825396825
10170,March,3.86625
10172,March,40.240722222222225
10282,March,170.3711653116532
11040,March,96.10572916666665
11697,March,273.09607142857146
10152,March,843.2299074074075
10020,March,1387.9111388888891
10151,March,7187.496611111111
10069,March,164.5099603174603
10154,March,15.834583333333335
10153,March,5818.064138888889
10171,March,31.81277777777778
10278,March,50.39601851851853
10105,March,594.0383101851851
10167,March,20.45
11005,March,229.85277777777776
10112,March,971.0170138888889
10279,March,100.87937500000001
10281,March,88.49444444444445
10168,March,582.867
07662,March,915.7941666666667
10119,March,1979.144642857143
11371,March,1011.7744444444445
11572,March,752.31625
11241,March,154.78305555555556
10107,March,0.7870138888888889
63640,March,734.8
10111,March,911.6738888888888
10055,March,13.448333333333334
10045,March,47.542685185185185
11242,March,8.940238095238096
10158,March,0.19
07110,March,18.782777777777778
10956,March,713.5247222222222
10041,March,23.238055555555555
11096,March,737.0733333333334
10174,March,0.7052777777777778
10110,March,0.3030555555555555
10573,March,1080.7391666666667
10048,March,1171.2168055555555
10165,March,2.446388888888889
10115,March,142.89666666666668
07728,March,11.768055555555556
10175,March,1.0580555555555555
10178,March,149.40305555555557
10176,March,20.001666666666665
19013,March,601.5255555555556
11251,March,0.39444444444444443
11575,March,93.9336111111111
10123,March,3.183333333333333
10118,March,945.2623611111111
56377,March,733.4744444444444
07083,March,734.1186111111111
11590,March,730.8705555555556
10106,March,1104.5184722222223
92879,March,78.48611111111111
11204,February,547.0609048215402
ALL,February,288.13524041396255
11209,February,295.35555819180735
11237,February,281.3216899671055
11429,February,270.2276766595291
11419,February,406.0506694586059
11212,February,304.5709802299948
10458,February,228.14040803977406
11356,February,166.2066487160766
11214,February,226.67754574762722
10009,February,278.6688277140127
10040,February,237.8531684945815
11206,February,304.40365573525037
10461,February,110.22094820152765
11229,February,273.9549840153444
11360,February,227.2005989583335
10455,February,315.13773424127453
10031,February,280.66533008658064
10001,February,427.16872644287383
11233,February,302.92156318364994
11430,February,1402.491682748538
11207,February,329.526387662045
10309,February,539.3167280982907
10467,February,178.71538195316714
10314,February,535.0927051448334
10452,February,448.24798275024466
10473,February,208.3237164910332
10021,February,309.2938551677625
11205,February,223.85987179487185
10451,February,261.6177250985713
11417,February,235.401199829932
10456,February,238.19503768974877
11378,February,141.77342286644526
11418,February,185.43977582326448
11426,February,523.5064459408902
11422,February,318.4884396792191
10036,February,413.7797567612826
11223,February,388.9851548672563
11211,February,446.79289747661915
10002,February,300.2988750905953
11435,February,236.0968126434455
10305,February,228.40059892170643
11221,February,363.2177129302728
11234,February,198.12439269569347
10003,February,455.4666195803308
10019,February,501.2716393972999
11106,February,190.66397419529574
10012,February,284.0042620020428
11203,February,274.15840895715655
10169,February,37.14155934343434
11217,February,242.0784806102986
11103,February,330.23368648297844
10027,February,283.7775855596298
10471,February,189.97517088014976
10466,February,168.1459528923252
11208,February,254.84325014733233
10457,February,223.58721684191076
10453,February,305.16139863547784
11219,February,227.36653503809268
11105,February,188.19003852846114
11373,February,183.37472452799477
10462,February,215.68157983991324
10011,February,372.1937384100928
10454,February,303.41446278364646
10035,February,421.74610882173374
11216,February,373.58953864968055
11364,February,315.47953349014335
11235,February,349.9469117422504
11379,February,357.07377940644307
10463,February,158.9356062853103
11369,February,294.18658502360023
10039,February,319.89442813364917
10023,February,596.5505660032392
11210,February,313.49731782346015
11385,February,234.77261754250955
11357,February,363.07373917748924
11370,February,204.6316550256905
10459,February,313.2843627064007
11416,February,248.93027697028427
10018,February,251.1246224961478
11354,February,321.26678807770315
10025,February,739.3458882924332
11220,February,279.9544329206194
11230,February,235.69831483073156
11377,February,183.6865387144083
10026,February,283.56570193267686
10469,February,217.9354627098047
10472,February,213.77808322452287
10032,February,261.3014572328792
11368,February,196.521159692671
11226,February,279.4667657159071
11433,February,164.89740212876433
11101,February,160.74005538132224
10303,February,365.8418084159675
10465,February,223.2105429824563
11215,February,282.76753495581136
10304,February,274.84153906556725
10065,February,463.3177334376632
10029,February,330.81686737862645
10014,February,327.6514041417343
10028,February,461.4565091485911
11218,February,218.72929288816525
11104,February,288.5186180459237
10022,February,530.3439100647731
10128,February,316.13403109713494
10301,February,251.26751253561244
11421,February,156.94346263200657
10468,February,197.99330235272913
11375,February,162.1053646820881
10307,February,445.02855800653634
10033,February,286.396435666436
10034,February,187.16522023916752
11372,February,227.54783120915042
11374,February,155.15022330648517
11102,February,269.66570895978504
11436,February,151.15734761219102
11222,February,276.8277247516303
10310,February,508.985130755756
11420,February,283.6944772511439
11232,February,226.38358404085153
10470,February,104.84521700271699
11415,February,248.4560665990535
11691,February,292.71771237633186
10312,February,551.1627224527437
10306,February,518.6531645898231
11693,February,276.59879700042234
10017,February,511.1874499389506
10460,February,278.90530527289576
11201,February,242.04888038161144
11361,February,331.84814154442745
10013,February,374.9984972917585
10038,February,174.44410404624273
10024,February,358.48925792507185
11412,February,236.63348508230456
11236,February,225.12184055704475
11432,February,239.72419274908682
11238,February,389.8575560393484
11411,February,225.81708013640232
11423,February,267.78925894854603
11434,February,263.5122177376807
10016,February,415.6875891481018
10030,February,268.48783228440806
10010,February,460.701184123847
11413,February,282.73755078918543
11225,February,261.1425524256654
10069,February,89.30339869281045
11213,February,288.4171074196246
11367,February,249.4416119047622
10075,February,347.3659540343919
11358,February,322.53508733303994
10004,February,189.99108660130713
11427,February,258.7407568438
11239,February,40.14807287705953
10037,February,276.84334227871926
11228,February,233.81735879886543
11366,February,44.76675915258585
11428,February,339.64437254011506
10474,February,319.66855121850506
10005,February,138.63687362486243
10282,February,132.9590404040404
10464,February,200.19950854700858
10045,February,0.45944444444444443
11365,February,193.01044684616346
11362,February,368.9099665178571
10302,February,286.22060523369726
11249,February,528.1122997793349
11355,February,229.2913105632596
11224,February,275.0731532085998
11414,February,603.9726774238621
11231,February,271.18220770326525
11692,February,246.80839168310337
10308,February,403.56011416756576
11694,February,238.34304455445545
11001,February,469.0929377104378
10007,February,152.76613432596852
10475,February,214.742707522698
11363,February,130.01435831180024
11004,February,414.36152439024397
10112,February,732.7530555555555
10020,February,719.222876344086
10153,February,5485.084666666667
10107,February,1.118638888888889
10151,February,7791.892013888889
11109,February,83.81089743589743
10006,February,104.16708137715179
10280,February,505.34057692307675
11040,February,158.0111936936937
10111,February,0.48277777777777775
10278,February,7.666041666666667
10103,February,2672.4906944444447
10121,February,1032.6764814814815
10110,February,451.04583333333335
10173,February,0.4033333333333333
11359,February,9.543988095238095
10179,February,15.651944444444444
10044,February,178.033280141844
10000,February,354.8831565656566
11697,February,973.6085
10118,February,12.888888888888888
10168,February,0.6863541666666666
10120,February,0.8259722222222222
10271,February,1.5372222222222223
10281,February,120.46666666666667
11561,February,913.9347222222223
11241,February,743.9536111111113
12345,February,761.0497222222222
33394,February,20.08
10152,February,0.51
10106,February,0.48138888888888887
10279,February,98.41777777777776
10172,February,21.433333333333334
10165,February,7.278472222222223
11005,February,123.56144444444445
10041,February,154.82694444444445
10119,February,1331.2499444444443
10105,February,468.1205000000001
11371,February,409.125
10167,February,1.6325
10171,February,1246.402361111111
10176,February,295.99611111111113
17110,February,732.2391666666666
11572,February,2039.5055555555555
11735,February,732.7941666666667
10178,February,35.995
10162,February,38.410694444444445
10122,February,0.27666666666666667
10166,February,0.5077777777777778
11553,February,783.8927777777777
10123,February,120.57944444444445
10115,February,0.3711111111111111
10048,February,1.0693055555555555
15212,February,733.6697222222223
10804,February,23.011666666666667
17606,February,732.4563888888889
19034,February,747.3961111111112
10174,February,1.5061111111111112
77478,February,68.43277777777777
11251,February,5.210138888888888
11219,January,301.9744270198948
ALL,January,306.97596010815994
10457,January,244.84373632578027
11354,January,389.91707369323
11430,January,1659.1758401920426
11201,January,239.91755472414565
10022,January,405.2619644714936
10453,January,291.33029165882346
10002,January,344.92790871820586
11206,January,491.83738519885196
11106,January,207.5002259599047
10032,January,357.1021257598058
11368,January,176.21060741181122
11423,January,288.130675046555
10454,January,332.3078353535355
11213,January,289.5104662631073
11414,January,486.2282528422669
11237,January,460.1564725745834
11102,January,266.30630739109125
10462,January,208.6023832353852
11366,January,56.576179399899175
11419,January,265.5815543390103
11233,January,341.9329686340019
11230,January,199.51754457566273
11358,January,293.2422125723739
10024,January,456.04697250500294
11226,January,303.9910272742386
10473,January,292.34755327245
11355,January,272.06088334353933
10009,January,333.398432251037
10468,January,251.06944122526792
10016,January,364.97316618714905
10459,January,291.39434235408424
11234,January,290.85782560178546
10458,January,313.09227338129546
10014,January,358.20164956357615
11692,January,202.2009038723486
10033,January,289.82727702476603
10029,January,394.0384286851316
11205,January,200.00195568700704
11249,January,460.27329066714407
10305,January,273.2297261853296
11211,January,508.10437404474146
10472,January,234.36947296519944
10028,January,926.4797959042489
10003,January,201.3184763962942
10040,January,261.31574863776393
11221,January,462.253456728458
11104,January,259.11339818525937
11369,January,330.46403994708965
11415,January,282.65966038118376
11377,January,177.12270625071807
10023,January,542.6757397451221
10036,January,349.91585511282415
10026,January,365.70644986449827
11220,January,286.91479031722326
11222,January,437.17726865838745
11212,January,337.80236273194726
11385,January,256.79251365553444
10465,January,135.90290756797265
11435,January,180.91761588275384
11224,January,221.35715527686915
11218,January,260.73808221294973
10035,January,361.1261816091952
11436,January,256.48326673164394
11229,January,500.5628031410594
10039,January,297.39322254647624
10037,January,455.88057319224043
11225,January,277.24942308453024
11204,January,221.73330592105222
11373,January,248.60123597839646
11215,January,337.75231359778905
10470,January,143.38038589832072
10169,January,176.55091880341882
11356,January,148.30923166392986
11208,January,293.383439486595
11421,January,103.42929848078654
10034,January,303.102273979108
11238,January,334.55607741390065
11217,January,341.89169961813224
10314,January,378.5034459001956
10471,January,199.64720550095527
10467,January,219.70550604645618
11203,January,354.90600857251087
11413,January,204.9832613309078
11432,January,312.0164590363697
11378,January,207.46614386792464
11216,January,374.80836287350763
11361,January,327.88837635756084
11411,January,312.6674895424837
11223,January,206.76944190600472
11209,January,323.3936666237178
11235,January,346.62277106976387
11364,January,577.2102656741723
10011,January,451.55168088363865
10455,January,244.08304568875704
10463,January,204.10458750933464
11375,January,285.6666165831948
11372,January,282.78376835212543
11370,January,394.93679175864594
10065,January,465.8831224028903
11420,January,309.1942443609026
11416,January,252.28409681847515
10030,January,356.8160651106381
10019,January,463.08929776615906
10309,January,267.40850191825297
11418,January,211.81036994485277
10456,January,273.3732001911259
10031,January,311.7657814864025
10027,January,368.86973502304244
11210,January,398.8276675779675
10020,January,1397.673954248366
11694,January,313.38817133770647
10025,January,792.0065349094933
11427,January,277.97851801254785
10452,January,293.6121823104199
11379,January,332.2671542968745
11357,January,433.9986941251606
10001,January,385.8649969049825
10018,January,395.9636601307185
10128,January,354.2474196705821
11412,January,326.9037315887316
11236,January,321.40967760033425
10451,January,327.81727329347274
10010,January,481.94198885263745
11105,January,251.8371801916032
10461,January,167.07657138242882
11232,January,276.3915956250636
10302,January,377.1621273574191
10469,January,217.67678198653186
11434,January,345.31013563186303
10460,January,297.8928662914024
11231,January,241.12487016908216
10466,January,173.4706980436241
11367,January,229.83490559395807
10012,January,287.5568287471336
10013,January,381.9435841003067
10021,January,533.7552601345806
11207,January,309.79291146496666
11101,January,218.83586999725833
11214,January,237.46629192132897
11365,January,259.3619089834515
10306,January,421.584576432022
10301,January,346.43327269524934
11422,January,322.0273996385082
10475,January,224.44385802469137
10312,January,444.69974361111144
11374,January,183.91536650577365
11001,January,427.0842777777778
11691,January,314.56347849462406
10121,January,705.1193055555556
11228,January,304.32105201583846
11433,January,198.46394680566686
11103,January,305.6813361545138
11360,January,88.49778186274509
10017,January,390.1760189861579
11417,January,188.66453204103382
10308,January,651.4650209339773
11429,January,232.1009951741996
10004,January,186.41108258258257
10304,January,281.03628227194486
11004,January,422.74293771043773
10005,January,237.995009057971
10075,January,308.22607651424
10307,January,312.6643022328549
11693,January,324.60783724091027
10038,January,330.76336805555525
11428,January,411.9609643062752
10474,January,290.0001561684928
11363,January,512.5652713178295
10310,January,200.16606275064876
10007,January,236.62622222222217
11239,January,56.08288401617595
11426,January,501.1436964472303
11362,January,430.634998321585
10000,January,622.180548048048
11040,January,397.1712878787879
10303,January,701.8747846683893
10464,January,120.56709497206711
10282,January,78.92296296296294
10111,January,0.29000000000000004
10280,January,299.62914141414143
10006,January,99.09217964314682
10154,January,0.5962777777777777
10044,January,142.17542052469136
10162,January,0.5144444444444445
10107,January,421.8667013888888
10069,January,366.2538742690058
11791,January,762.1669444444444
11697,January,954.0134259259261
11706,January,731.6861111111111
10118,January,0.195
56377,January,383.8411111111111
10278,January,318.4095593869733
10279,January,319.6383333333333
11109,January,25.378796296296294
10103,January,1372.8442222222225
10120,January,17.694444444444446
10166,January,6.283333333333333
10167,January,1660.1268055555556
10271,January,1.6029563492063492
00000,January,26.75861111111111
11359,January,2.365648148148148
10178,January,33.73861111111111
10151,January,34.0125
10172,January,0.7166666666666667
11005,January,2142.313888888889
10170,January,51.22770833333333
10168,January,96.99552083333333
10105,January,1321.9557777777777
11735,January,734.9138888888889
10119,January,1198.1687962962963
11251,January,46.25
11242,January,4720.691111111111
11753,January,755.3505555555555
10045,January,0.27166666666666667
10173,January,1328.9347222222223
11241,January,2.330277777777778
10106,January,0.72625
33496,January,735.7455555555556
10522,January,12.154444444444444
10112,January,0.0
10153,January,984.1822222222222
12345,January,108.96222222222222
10165,January,20.30611111111111
10041,January,189.21944444444443
10123,January,2299.0597222222223
11725,January,22.614444444444445
84117,January,24.270555555555557
02062,January,735.9102777777778
10155,January,24.96125
11751,January,71.15194444444444
10179,January,21.087777777777777
11747,January,22.549444444444443
